1.25,13,"([0.9, 0.6, 0, 0, 0], [0.15, 0.08, 0.0, 0.0, 0.0])"
1.25,15,"([0.9, 0.5, 0, 0, 0], [0.21, 0.060000000000000005, 0.0, 0.0, 0.0])"
1.25,14,"([0.9, 0.3, 0.2, 0, 0], [0.13, 0.05, 0.02, 0.0, 0.0])"
1.25,0,"([0.5, 0.6, 0, 0, 0], [0.09000000000000001, 0.07, 0.0, 0.0, 0.0])"
1.25,19,"([0.9, 0.8, 0.2, 0, 0], [0.21, 0.12000000000000001, 0.02, 0.0, 0.0])"
1.25,18,"([0.9, 0.4, 0, 0, 0], [0.13, 0.060000000000000005, 0.0, 0.0, 0.0])"
1.25,5,"([0.7, 0.5, 0.1, 0, 0], [0.16, 0.07, 0.01, 0.0, 0.0])"
1.25,11,"([0.9, 0.7, 0, 0, 0], [0.11, 0.15, 0.0, 0.0, 0.0])"
1.25,3,"([0.9, 0.5, 0, 0, 0], [0.14, 0.11, 0.0, 0.0, 0.0])"
1.25,7,"([1, 0.7, 0, 0, 0], [0.19, 0.07, 0.0, 0.0, 0.0])"
1.25,1,"([1, 0.7, 0, 0, 0], [0.21000000000000002, 0.09000000000000001, 0.0, 0.0, 0.0])"
1.25,9,"([0.8, 0.6, 0.1, 0, 0], [0.14, 0.08, 0.01, 0.0, 0.0])"
1.25,6,"([0.8, 0.5, 0, 0, 0], [0.14, 0.05, 0.0, 0.0, 0.0])"
1.25,8,"([0.9, 0.5, 0.1, 0, 0], [0.15, 0.060000000000000005, 0.01, 0.0, 0.0])"
1.25,16,"([0.6, 0.5, 0.2, 0, 0], [0.12000000000000001, 0.08, 0.02, 0.0, 0.0])"
1.25,4,"([0.7, 0.7, 0.1, 0, 0], [0.12000000000000001, 0.09, 0.01, 0.0, 0.0])"
1.25,10,"([0.8, 0.8, 0, 0, 0], [0.11, 0.1, 0.0, 0.0, 0.0])"
1.25,17,"([1, 0.5, 0, 0, 0], [0.19, 0.07, 0.0, 0.0, 0.0])"
1.25,12,"([0.8, 0.3, 0.1, 0, 0], [0.14, 0.05, 0.01, 0.0, 0.0])"
1.25,34,"([1, 0.6, 0.1, 0, 0], [0.19, 0.1, 0.01, 0.0, 0.0])"
1.25,33,"([1, 0.4, 0.1, 0, 0], [0.17, 0.05, 0.01, 0.0, 0.0])"
1.25,31,"([0.9, 0.4, 0, 0, 0], [0.15000000000000002, 0.04, 0.0, 0.0, 0.0])"
1.25,35,"([0.7, 1, 0, 0, 0], [0.13, 0.15, 0.0, 0.0, 0.0])"
1.25,39,"([0.9, 0.5, 0, 0, 0], [0.17, 0.05, 0.0, 0.0, 0.0])"
1.25,37,"([1, 0.6, 0, 0, 0], [0.19, 0.08, 0.0, 0.0, 0.0])"
1.25,32,"([0.8, 0.6, 0, 0, 0], [0.2, 0.09000000000000001, 0.0, 0.0, 0.0])"
1.25,20,"([0.6, 0.6, 0.1, 0, 0], [0.15, 0.1, 0.01, 0.0, 0.0])"
1.25,36,"([1, 0.8, 0, 0, 0], [0.23, 0.1, 0.0, 0.0, 0.0])"
1.25,25,"([0.8, 0.9, 0.1, 0, 0], [0.13, 0.1, 0.01, 0.0, 0.0])"
1.25,27,"([0.7, 0.5, 0.1, 0, 0], [0.12, 0.060000000000000005, 0.01, 0.0, 0.0])"
1.25,38,"([0.9, 0.5, 0.1, 0, 0], [0.21, 0.060000000000000005, 0.01, 0.0, 0.0])"
1.25,26,"([1, 0.4, 0.1, 0, 0], [0.2, 0.04, 0.01, 0.0, 0.0])"
1.25,49,"([0.9, 0.7, 0.1, 0, 0], [0.17, 0.07, 0.01, 0.0, 0.0])"
1.25,30,"([0.8, 0.7, 0, 0, 0], [0.1, 0.07, 0.0, 0.0, 0.0])"
1.25,50,"([0.8, 0.6, 0, 0, 0], [0.15, 0.08, 0.0, 0.0, 0.0])"
1.25,29,"([0.9, 0.5, 0, 0, 0], [0.13, 0.09, 0.0, 0.0, 0.0])"
1.25,51,"([0.8, 0.6, 0, 0, 0], [0.16, 0.07, 0.0, 0.0, 0.0])"
1.25,45,"([0.8, 0.6, 0, 0, 0], [0.16, 0.08, 0.0, 0.0, 0.0])"
1.25,40,"([0.8, 0.6, 0, 0, 0], [0.15, 0.08, 0.0, 0.0, 0.0])"
1.25,22,"([1, 0.5, 0.1, 0, 0], [0.15, 0.05, 0.01, 0.0, 0.0])"
1.25,44,"([0.7, 0.7, 0.1, 0, 0], [0.17, 0.12000000000000001, 0.01, 0.0, 0.0])"
1.25,46,"([0.7, 0.5, 0.1, 0, 0], [0.16, 0.09000000000000001, 0.01, 0.0, 0.0])"
1.25,47,"([0.7, 0.6, 0.1, 0, 0], [0.1, 0.09000000000000001, 0.01, 0.0, 0.0])"
1.25,52,"([0.9, 0.3, 0, 0, 0], [0.23, 0.030000000000000002, 0.0, 0.0, 0.0])"
1.25,28,"([0.9, 0.6, 0, 0, 0], [0.18, 0.1, 0.0, 0.0, 0.0])"
1.25,59,"([0.9, 0.7, 0, 0, 0], [0.17, 0.09000000000000001, 0.0, 0.0, 0.0])"
1.25,21,"([0.8, 0.9, 0.1, 0, 0], [0.16, 0.11, 0.01, 0.0, 0.0])"
1.25,43,"([1, 0.5, 0.1, 0, 0], [0.17, 0.08, 0.01, 0.0, 0.0])"
1.25,42,"([0.6, 0.9, 0, 0, 0], [0.08, 0.12000000000000001, 0.0, 0.0, 0.0])"
1.25,48,"([0.9, 0.5, 0, 0, 0], [0.21, 0.05, 0.0, 0.0, 0.0])"
1.25,58,"([0.8, 0.8, 0, 0, 0], [0.16, 0.12000000000000001, 0.0, 0.0, 0.0])"
1.25,57,"([0.9, 0.7, 0, 0, 0], [0.11, 0.09000000000000001, 0.0, 0.0, 0.0])"
1.25,41,"([0.9, 0.7, 0, 0, 0], [0.16, 0.08, 0.0, 0.0, 0.0])"
1.25,76,"([0.7, 0.6, 0, 0, 0], [0.12000000000000001, 0.07, 0.0, 0.0, 0.0])"
1.25,53,"([0.9, 0.8, 0, 0, 0], [0.19, 0.11, 0.0, 0.0, 0.0])"
1.25,75,"([1, 0.7, 0.1, 0, 0], [0.16, 0.09000000000000001, 0.01, 0.0, 0.0])"
1.25,54,"([1, 0.6, 0, 0, 0], [0.2, 0.08, 0.0, 0.0, 0.0])"
1.25,62,"([0.9, 0.8, 0.1, 0, 0], [0.16, 0.11, 0.01, 0.0, 0.0])"
1.25,65,"([0.7, 0.5, 0.1, 0, 0], [0.14, 0.07, 0.01, 0.0, 0.0])"
1.25,66,"([0.9, 0.6, 0.1, 0, 0], [0.21000000000000002, 0.060000000000000005, 0.01, 0.0, 0.0])"
1.25,74,"([0.9, 0.4, 0.1, 0, 0], [0.13, 0.07, 0.01, 0.0, 0.0])"
1.25,69,"([0.8, 0.8, 0.2, 0, 0], [0.16, 0.12000000000000001, 0.02, 0.0, 0.0])"
1.25,63,"([0.9, 0.8, 0, 0, 0], [0.19, 0.11, 0.0, 0.0, 0.0])"
1.25,68,"([1, 0.8, 0, 0, 0], [0.15000000000000002, 0.1, 0.0, 0.0, 0.0])"
1.25,56,"([0.7, 0.5, 0, 0, 0], [0.12000000000000001, 0.060000000000000005, 0.0, 0.0, 0.0])"
1.25,70,"([0.9, 0.9, 0, 0, 0], [0.17, 0.1, 0.0, 0.0, 0.0])"
1.25,79,"([0.8, 0.3, 0, 0, 0], [0.18, 0.030000000000000002, 0.0, 0.0, 0.0])"
1.25,71,"([0.8, 0.5, 0, 0, 0], [0.18, 0.05, 0.0, 0.0, 0.0])"
1.25,67,"([0.8, 0.7, 0, 0, 0], [0.2, 0.09000000000000001, 0.0, 0.0, 0.0])"
1.25,72,"([0.9, 0.6, 0.1, 0, 0], [0.2, 0.09000000000000001, 0.01, 0.0, 0.0])"
1.25,64,"([1, 0.5, 0, 0, 0], [0.24, 0.07, 0.0, 0.0, 0.0])"
1.25,61,"([0.9, 0.6, 0, 0, 0], [0.19, 0.08, 0.0, 0.0, 0.0])"
1.25,73,"([0.9, 0.5, 0, 0, 0], [0.2, 0.12, 0.0, 0.0, 0.0])"
1.25,86,"([0.9, 0.8, 0, 0, 0], [0.2, 0.11, 0.0, 0.0, 0.0])"
1.25,85,"([0.8, 0.5, 0, 0, 0], [0.17, 0.08, 0.0, 0.0, 0.0])"
1.25,92,"([1, 0.4, 0, 0, 0], [0.19, 0.05, 0.0, 0.0, 0.0])"
1.25,97,"([1, 0.5, 0, 0, 0], [0.17, 0.060000000000000005, 0.0, 0.0, 0.0])"
1.25,96,"([0.7, 0.6, 0, 0, 0], [0.12000000000000001, 0.060000000000000005, 0.0, 0.0, 0.0])"
1.25,98,"([0.8, 0.8, 0.1, 0, 0], [0.12, 0.1, 0.01, 0.0, 0.0])"
1.25,90,"([0.8, 0.4, 0, 0, 0], [0.15, 0.060000000000000005, 0.0, 0.0, 0.0])"
1.25,80,"([1, 0.8, 0, 0, 0], [0.17, 0.09000000000000001, 0.0, 0.0, 0.0])"
1.25,87,"([0.6, 0.5, 0, 0, 0], [0.09, 0.05, 0.0, 0.0, 0.0])"
1.25,91,"([0.8, 0.5, 0, 0, 0], [0.16, 0.060000000000000005, 0.0, 0.0, 0.0])"
1.25,88,"([1, 0.8, 0, 0, 0], [0.17, 0.13, 0.0, 0.0, 0.0])"
1.25,89,"([0.9, 0.4, 0.1, 0, 0], [0.17, 0.05, 0.01, 0.0, 0.0])"
1.25,95,"([0.7, 0.4, 0, 0, 0], [0.13, 0.04, 0.0, 0.0, 0.0])"
1.25,94,"([0.9, 0.5, 0.1, 0, 0], [0.19, 0.060000000000000005, 0.01, 0.0, 0.0])"
1.25,93,"([0.8, 0.5, 0.2, 0, 0], [0.12000000000000001, 0.05, 0.02, 0.0, 0.0])"
1.25,99,"([0.7, 0.7, 0, 0, 0], [0.12000000000000001, 0.13, 0.0, 0.0, 0.0])"
1.25,55,"([0.6, 0.6, 0, 0, 0], [0.13, 0.08, 0.0, 0.0, 0.0])"
1.25,83,"([0.8, 0.8, 0, 0, 0], [0.13, 0.11, 0.0, 0.0, 0.0])"
1.25,84,"([1, 0.5, 0, 0, 0], [0.19, 0.060000000000000005, 0.0, 0.0, 0.0])"
1.25,78,"([1, 0.8, 0.1, 0, 0], [0.19, 0.12000000000000001, 0.01, 0.0, 0.0])"
1.25,77,"([0.9, 0.5, 0, 0, 0], [0.18, 0.05, 0.0, 0.0, 0.0])"
1.25,81,"([1, 0.7, 0, 0, 0], [0.19, 0.11, 0.0, 0.0, 0.0])"
1.25,82,"([0.8, 0.5, 0, 0, 0], [0.2, 0.07, 0.0, 0.0, 0.0])"
1.25,2,"([1, 0.7, 0.2, 0, 0], [0.13, 0.12000000000000001, 0.02, 0.0, 0.0])"
1.25,24,"([0.7, 0.5, 0.1, 0, 0], [0.16, 0.05, 0.01, 0.0, 0.0])"
1.25,23,"([0.7, 0.6, 0, 0, 0], [0.16, 0.060000000000000005, 0.0, 0.0, 0.0])"
