19,0,"[0, 2, 4, 4]","[0, 2, 4, 4]"
19,1,"[0, 3, 4, 4]","[0, 3, 4, 4]"
19,2,"[1, 2, 4, 4]","[1, 2, 4, 4]"
19,3,"[1, 2, 3, 4]","[1, 2, 4, 4]"
19,4,"[1, 3, 3, 4]","[1, 3, 4, 4]"
19,5,"[1, 2, 3, 4]","[1, 2, 3, 4]"
19,6,"[1, 2, 3, 4]","[1, 2, 4, 4]"
19,7,"[1, 4, 4, 4]","[1, 4, 4, 4]"
19,8,"[0, 2, 4, 4]","[0, 3, 4, 4]"
19,9,"[0, 3, 4, 4]","[0, 3, 4, 4]"
13,0,"[0, 2, 4, 4]","[0, 3, 4, 4]"
13,1,"[0, 3, 3, 4]","[0, 3, 3, 4]"
13,2,"[0, 2, 3, 4]","[0, 2, 4, 4]"
13,3,"[1, 3, 4, 4]","[1, 3, 4, 4]"
13,4,"[2, 3, 3, 4]","[2, 3, 3, 4]"
13,5,"[0, 2, 2, 3]","[0, 2, 2, 3]"
13,6,"[0, 3, 4, 4]","[0, 3, 4, 4]"
13,7,"[0, 1, 3, 4]","[0, 2, 4, 4]"
13,8,"[1, 2, 3, 3]","[1, 2, 3, 4]"
13,9,"[0, 2, 3, 3]","[0, 2, 3, 4]"
10,0,"[0, 3, 4, 4]","[0, 3, 4, 4]"
10,1,"[0, 2, 3, 3]","[0, 2, 3, 4]"
10,2,"[0, 0, 3, 4]","[0, 0, 4, 4]"
10,3,"[2, 3, 4, 4]","[2, 3, 4, 4]"
10,4,"[0, 2, 3, 4]","[0, 2, 3, 4]"
10,5,"[0, 2, 3, 4]","[0, 2, 4, 4]"
10,6,"[1, 3, 4, 4]","[1, 3, 4, 4]"
10,7,"[0, 0, 3, 4]","[0, 2, 4, 4]"
10,8,"[1, 2, 3, 4]","[1, 2, 4, 4]"
10,9,"[2, 2, 3, 4]","[2, 2, 4, 4]"
0,0,"[0, 1, 3, 4]","[0, 1, 4, 4]"
0,1,"[1, 2, 3, 4]","[1, 2, 4, 4]"
0,2,"[2, 2, 4, 4]","[2, 2, 4, 4]"
0,3,"[0, 1, 3, 4]","[0, 1, 3, 4]"
0,4,"[1, 1, 3, 4]","[1, 1, 4, 4]"
0,5,"[1, 2, 4, 4]","[1, 2, 4, 4]"
0,6,"[1, 2, 4, 4]","[1, 4, 4, 4]"
0,7,"[1, 2, 4, 4]","[1, 3, 4, 4]"
0,8,"[0, 3, 4, 4]","[0, 3, 4, 4]"
0,9,"[1, 3, 3, 4]","[1, 3, 3, 4]"
7,0,"[1, 2, 3, 4]","[1, 3, 3, 4]"
7,1,"[0, 3, 4, 4]","[0, 3, 4, 4]"
7,2,"[0, 2, 3, 4]","[0, 2, 3, 4]"
7,3,"[0, 3, 4, 4]","[0, 3, 4, 4]"
7,4,"[0, 3, 3, 4]","[0, 3, 4, 4]"
7,5,"[1, 3, 4, 4]","[1, 3, 4, 4]"
7,6,"[1, 2, 3, 4]","[1, 3, 3, 4]"
7,7,"[0, 2, 3, 4]","[0, 2, 4, 4]"
7,8,"[0, 2, 3, 4]","[0, 3, 4, 4]"
7,9,"[0, 3, 4, 4]","[0, 4, 4, 4]"
18,0,"[0, 2, 3, 4]","[0, 2, 4, 4]"
18,1,"[1, 3, 4, 4]","[1, 4, 4, 4]"
18,2,"[0, 3, 4, 4]","[0, 3, 4, 4]"
18,3,"[0, 2, 3, 4]","[0, 2, 4, 4]"
18,4,"[0, 3, 3, 4]","[0, 3, 3, 4]"
18,5,"[1, 2, 4, 4]","[1, 3, 4, 4]"
18,6,"[0, 2, 3, 4]","[0, 2, 3, 4]"
18,7,"[0, 2, 3, 4]","[0, 2, 4, 4]"
18,8,"[0, 2, 3, 4]","[0, 2, 4, 4]"
18,9,"[1, 2, 3, 3]","[1, 3, 3, 4]"
8,0,"[1, 2, 4, 4]","[1, 3, 4, 4]"
8,1,"[1, 3, 3, 4]","[1, 3, 4, 4]"
8,2,"[1, 3, 4, 4]","[1, 3, 4, 4]"
8,3,"[0, 1, 3, 4]","[0, 3, 4, 4]"
8,4,"[1, 2, 4, 4]","[1, 2, 4, 4]"
8,5,"[1, 2, 4, 4]","[1, 2, 4, 4]"
8,6,"[1, 3, 3, 4]","[1, 3, 4, 4]"
8,7,"[0, 2, 4, 4]","[0, 2, 4, 4]"
8,8,"[0, 3, 4, 4]","[0, 3, 4, 4]"
8,9,"[1, 3, 4, 4]","[1, 3, 4, 4]"
2,0,"[1, 4, 4, 4]","[1, 4, 4, 4]"
2,1,"[1, 3, 4, 4]","[1, 3, 4, 4]"
2,2,"[1, 2, 3, 4]","[1, 3, 4, 4]"
2,3,"[0, 2, 3, 4]","[0, 2, 4, 4]"
2,4,"[0, 3, 4, 4]","[0, 4, 4, 4]"
2,5,"[0, 2, 3, 4]","[0, 2, 4, 4]"
2,6,"[0, 3, 4, 4]","[0, 3, 4, 4]"
2,7,"[0, 2, 3, 4]","[0, 2, 4, 4]"
2,8,"[1, 2, 3, 4]","[1, 3, 4, 4]"
2,9,"[0, 2, 3, 4]","[0, 2, 4, 4]"
12,0,"[1, 3, 4, 4]","[1, 3, 4, 4]"
12,1,"[0, 2, 3, 4]","[0, 2, 4, 4]"
12,2,"[1, 1, 3, 4]","[1, 1, 4, 4]"
12,3,"[1, 2, 3, 4]","[1, 2, 4, 4]"
12,4,"[0, 1, 3, 4]","[0, 2, 3, 4]"
12,5,"[0, 3, 3, 4]","[0, 3, 3, 4]"
12,6,"[1, 3, 3, 4]","[1, 3, 4, 4]"
12,7,"[0, 3, 3, 4]","[0, 3, 3, 4]"
12,8,"[0, 3, 3, 4]","[0, 3, 4, 4]"
12,9,"[1, 3, 3, 4]","[1, 3, 3, 4]"
17,0,"[0, 2, 3, 4]","[0, 2, 4, 4]"
17,1,"[0, 2, 3, 4]","[0, 2, 4, 4]"
17,2,"[2, 3, 4, 4]","[2, 4, 4, 4]"
17,3,"[0, 2, 3, 3]","[0, 2, 3, 4]"
17,4,"[1, 2, 4, 4]","[1, 3, 4, 4]"
17,5,"[0, 3, 3, 4]","[0, 3, 4, 4]"
17,6,"[1, 3, 3, 4]","[1, 3, 3, 4]"
17,7,"[0, 4, 4, 4]","[0, 4, 4, 4]"
17,8,"[0, 1, 2, 4]","[0, 1, 4, 4]"
17,9,"[0, 2, 3, 3]","[0, 2, 3, 4]"
3,0,"[0, 2, 3, 4]","[0, 3, 4, 4]"
3,1,"[0, 1, 3, 3]","[0, 1, 3, 4]"
3,2,"[0, 2, 4, 4]","[0, 2, 4, 4]"
3,3,"[0, 2, 4, 4]","[0, 2, 4, 4]"
3,4,"[0, 3, 3, 4]","[0, 3, 3, 4]"
3,5,"[1, 2, 4, 4]","[1, 2, 4, 4]"
3,6,"[0, 2, 4, 4]","[0, 3, 4, 4]"
3,7,"[0, 3, 4, 4]","[0, 3, 4, 4]"
3,8,"[0, 3, 4, 4]","[0, 3, 4, 4]"
3,9,"[0, 3, 4, 4]","[0, 3, 4, 4]"
11,0,"[1, 2, 3, 3]","[1, 2, 3, 4]"
11,1,"[0, 3, 3, 3]","[0, 3, 3, 4]"
11,2,"[0, 2, 3, 4]","[0, 2, 4, 4]"
11,3,"[0, 3, 4, 4]","[0, 3, 4, 4]"
11,4,"[1, 3, 4, 4]","[1, 3, 4, 4]"
11,5,"[0, 3, 3, 4]","[0, 3, 3, 4]"
11,6,"[1, 3, 3, 4]","[1, 3, 4, 4]"
11,7,"[2, 3, 4, 4]","[2, 3, 4, 4]"
11,8,"[0, 2, 3, 4]","[0, 2, 4, 4]"
11,9,"[0, 2, 3, 4]","[0, 2, 4, 4]"
6,0,"[1, 2, 3, 3]","[1, 2, 3, 4]"
6,1,"[1, 1, 3, 4]","[1, 1, 4, 4]"
6,2,"[1, 1, 3, 4]","[1, 1, 4, 4]"
6,3,"[0, 2, 3, 4]","[0, 2, 4, 4]"
6,4,"[1, 2, 4, 4]","[1, 4, 4, 4]"
6,5,"[2, 2, 4, 4]","[2, 2, 4, 4]"
6,6,"[2, 2, 3, 4]","[2, 2, 4, 4]"
6,7,"[2, 2, 3, 3]","[2, 2, 3, 4]"
6,8,"[0, 3, 4, 4]","[0, 3, 4, 4]"
6,9,"[0, 1, 3, 4]","[0, 1, 4, 4]"
4,0,"[0, 2, 4, 4]","[0, 3, 4, 4]"
4,1,"[0, 2, 3, 4]","[0, 2, 4, 4]"
4,2,"[0, 1, 3, 4]","[0, 1, 4, 4]"
4,3,"[0, 3, 3, 4]","[0, 3, 3, 4]"
4,4,"[0, 2, 3, 4]","[0, 3, 4, 4]"
4,5,"[1, 1, 3, 4]","[1, 1, 4, 4]"
4,6,"[0, 1, 3, 4]","[0, 1, 4, 4]"
4,7,"[0, 2, 3, 4]","[0, 2, 4, 4]"
4,8,"[0, 3, 4, 4]","[0, 3, 4, 4]"
4,9,"[0, 3, 4, 4]","[0, 3, 4, 4]"
16,0,"[0, 0, 3, 4]","[0, 0, 4, 4]"
16,1,"[0, 2, 3, 4]","[0, 3, 3, 4]"
16,2,"[0, 2, 4, 4]","[0, 4, 4, 4]"
16,3,"[0, 2, 4, 4]","[0, 4, 4, 4]"
16,4,"[0, 2, 3, 4]","[0, 2, 4, 4]"
16,5,"[0, 4, 4, 4]","[0, 4, 4, 4]"
16,6,"[2, 3, 4, 4]","[2, 3, 4, 4]"
16,7,"[0, 2, 4, 4]","[0, 4, 4, 4]"
16,8,"[1, 3, 3, 4]","[1, 3, 3, 4]"
16,9,"[1, 2, 4, 4]","[1, 3, 4, 4]"
15,0,"[0, 2, 3, 4]","[0, 3, 4, 4]"
15,1,"[1, 2, 3, 4]","[1, 2, 4, 4]"
15,2,"[0, 3, 4, 4]","[0, 3, 4, 4]"
15,3,"[1, 3, 4, 4]","[1, 3, 4, 4]"
15,4,"[0, 3, 3, 3]","[0, 3, 3, 4]"
15,5,"[0, 3, 4, 4]","[0, 3, 4, 4]"
15,6,"[0, 3, 3, 4]","[0, 3, 3, 4]"
15,7,"[1, 1, 2, 3]","[1, 1, 3, 4]"
15,8,"[1, 3, 4, 4]","[1, 4, 4, 4]"
15,9,"[0, 2, 4, 4]","[0, 4, 4, 4]"
14,0,"[0, 3, 4, 4]","[0, 3, 4, 4]"
14,1,"[0, 2, 3, 4]","[0, 3, 4, 4]"
14,2,"[0, 2, 3, 4]","[0, 2, 4, 4]"
14,3,"[0, 3, 4, 4]","[0, 3, 4, 4]"
14,4,"[0, 2, 4, 4]","[0, 3, 4, 4]"
14,5,"[2, 2, 3, 4]","[2, 2, 3, 4]"
14,6,"[0, 2, 4, 4]","[0, 2, 4, 4]"
14,7,"[0, 2, 4, 4]","[0, 3, 4, 4]"
14,8,"[1, 1, 3, 4]","[1, 1, 4, 4]"
14,9,"[0, 2, 3, 4]","[0, 2, 4, 4]"
9,0,"[0, 2, 4, 4]","[0, 3, 4, 4]"
9,1,"[0, 3, 4, 4]","[0, 3, 4, 4]"
9,2,"[0, 2, 3, 4]","[0, 2, 3, 4]"
9,3,"[0, 2, 3, 4]","[0, 3, 4, 4]"
9,4,"[1, 3, 4, 4]","[1, 4, 4, 4]"
9,5,"[0, 2, 3, 3]","[0, 2, 3, 4]"
9,6,"[0, 1, 3, 4]","[0, 1, 4, 4]"
9,7,"[1, 2, 3, 4]","[1, 2, 4, 4]"
9,8,"[0, 3, 4, 4]","[0, 3, 4, 4]"
9,9,"[0, 2, 4, 4]","[0, 4, 4, 4]"
39,0,"[0, 2, 3, 4]","[0, 2, 4, 4]"
39,1,"[1, 3, 4, 4]","[1, 3, 4, 4]"
39,2,"[0, 3, 4, 4]","[0, 3, 4, 4]"
39,3,"[0, 2, 3, 4]","[0, 2, 4, 4]"
39,4,"[2, 3, 4, 4]","[2, 3, 4, 4]"
39,5,"[0, 1, 3, 3]","[0, 3, 3, 4]"
39,6,"[3, 3, 4, 4]","[3, 3, 4, 4]"
39,7,"[1, 1, 2, 4]","[1, 1, 4, 4]"
39,8,"[1, 2, 4, 4]","[1, 2, 4, 4]"
39,9,"[2, 2, 3, 3]","[2, 2, 3, 4]"
20,0,"[0, 2, 3, 4]","[0, 2, 4, 4]"
20,1,"[0, 1, 4, 4]","[0, 3, 4, 4]"
20,2,"[0, 3, 3, 4]","[0, 3, 3, 4]"
20,3,"[1, 3, 4, 4]","[1, 3, 4, 4]"
20,4,"[0, 2, 3, 4]","[0, 2, 4, 4]"
20,5,"[0, 1, 2, 3]","[0, 1, 3, 4]"
20,6,"[1, 1, 3, 4]","[1, 1, 4, 4]"
20,7,"[0, 2, 3, 4]","[0, 2, 4, 4]"
20,8,"[2, 3, 3, 4]","[2, 3, 3, 4]"
20,9,"[1, 3, 4, 4]","[1, 3, 4, 4]"
36,0,"[0, 3, 3, 4]","[0, 3, 3, 4]"
36,1,"[0, 3, 4, 4]","[0, 3, 4, 4]"
36,2,"[0, 2, 3, 4]","[0, 2, 4, 4]"
36,3,"[2, 3, 4, 4]","[2, 3, 4, 4]"
36,4,"[1, 2, 3, 4]","[1, 2, 4, 4]"
36,5,"[0, 2, 2, 3]","[0, 2, 2, 4]"
36,6,"[0, 2, 3, 4]","[0, 2, 4, 4]"
36,7,"[0, 2, 3, 4]","[0, 2, 3, 4]"
36,8,"[0, 3, 4, 4]","[0, 3, 4, 4]"
36,9,"[0, 3, 4, 4]","[0, 3, 4, 4]"
1,0,"[0, 2, 3, 4]","[0, 2, 3, 4]"
1,1,"[0, 3, 4, 4]","[0, 4, 4, 4]"
1,2,"[0, 2, 3, 4]","[0, 2, 4, 4]"
1,3,"[0, 3, 3, 4]","[0, 3, 3, 4]"
1,4,"[2, 3, 4, 4]","[2, 3, 4, 4]"
1,5,"[1, 2, 3, 4]","[1, 3, 4, 4]"
1,6,"[0, 2, 3, 4]","[0, 2, 4, 4]"
1,7,"[0, 2, 3, 4]","[0, 2, 4, 4]"
1,8,"[0, 2, 4, 4]","[0, 4, 4, 4]"
1,9,"[1, 2, 3, 4]","[1, 2, 4, 4]"
21,0,"[0, 2, 4, 4]","[0, 3, 4, 4]"
21,1,"[1, 2, 3, 4]","[1, 2, 4, 4]"
21,2,"[0, 2, 3, 4]","[0, 3, 4, 4]"
21,3,"[0, 2, 3, 4]","[0, 2, 4, 4]"
21,4,"[0, 2, 3, 4]","[0, 2, 4, 4]"
21,5,"[2, 3, 4, 4]","[2, 3, 4, 4]"
21,6,"[2, 2, 4, 4]","[2, 2, 4, 4]"
21,7,"[0, 2, 4, 4]","[0, 3, 4, 4]"
21,8,"[2, 2, 4, 4]","[2, 2, 4, 4]"
21,9,"[0, 2, 3, 4]","[0, 3, 3, 4]"
24,0,"[1, 3, 4, 4]","[1, 3, 4, 4]"
24,1,"[1, 1, 2, 4]","[1, 1, 4, 4]"
24,2,"[0, 2, 4, 4]","[0, 3, 4, 4]"
24,3,"[0, 3, 4, 4]","[0, 4, 4, 4]"
24,4,"[1, 2, 4, 4]","[1, 3, 4, 4]"
24,5,"[1, 3, 4, 4]","[1, 3, 4, 4]"
24,6,"[1, 2, 4, 4]","[1, 3, 4, 4]"
24,7,"[1, 3, 3, 4]","[1, 3, 3, 4]"
24,8,"[0, 2, 3, 4]","[0, 2, 3, 4]"
24,9,"[0, 2, 3, 3]","[0, 2, 3, 4]"
23,0,"[1, 2, 2, 3]","[1, 2, 3, 4]"
23,1,"[1, 3, 4, 4]","[1, 3, 4, 4]"
23,2,"[0, 2, 3, 4]","[0, 2, 4, 4]"
23,3,"[0, 3, 4, 4]","[0, 3, 4, 4]"
23,4,"[0, 2, 3, 4]","[0, 2, 4, 4]"
23,5,"[0, 2, 3, 4]","[0, 2, 4, 4]"
23,6,"[1, 4, 4, 4]","[1, 4, 4, 4]"
23,7,"[0, 2, 3, 4]","[0, 2, 3, 4]"
23,8,"[0, 2, 3, 4]","[0, 2, 4, 4]"
23,9,"[2, 3, 4, 4]","[2, 3, 4, 4]"
22,0,"[1, 1, 3, 4]","[1, 1, 4, 4]"
22,1,"[0, 3, 3, 4]","[0, 3, 3, 4]"
22,2,"[0, 2, 3, 4]","[0, 2, 4, 4]"
22,3,"[1, 3, 4, 4]","[1, 3, 4, 4]"
22,4,"[1, 2, 3, 4]","[1, 2, 4, 4]"
22,5,"[1, 1, 3, 4]","[1, 1, 4, 4]"
22,6,"[0, 2, 4, 4]","[0, 2, 4, 4]"
22,7,"[1, 3, 3, 4]","[1, 3, 3, 4]"
22,8,"[0, 3, 4, 4]","[0, 3, 4, 4]"
22,9,"[1, 3, 4, 4]","[1, 3, 4, 4]"
33,0,"[1, 3, 4, 4]","[1, 3, 4, 4]"
33,1,"[0, 2, 3, 4]","[0, 2, 4, 4]"
33,2,"[1, 4, 4, 4]","[1, 4, 4, 4]"
33,3,"[0, 2, 4, 4]","[0, 2, 4, 4]"
33,4,"[1, 2, 2, 3]","[1, 2, 2, 4]"
33,5,"[1, 2, 4, 4]","[1, 3, 4, 4]"
33,6,"[1, 2, 4, 4]","[1, 2, 4, 4]"
33,7,"[1, 2, 3, 4]","[1, 2, 4, 4]"
33,8,"[1, 2, 4, 4]","[1, 3, 4, 4]"
33,9,"[0, 1, 2, 4]","[0, 2, 4, 4]"
32,0,"[0, 2, 3, 4]","[0, 3, 3, 4]"
32,1,"[0, 2, 3, 3]","[0, 2, 3, 4]"
32,2,"[0, 3, 4, 4]","[0, 4, 4, 4]"
32,3,"[0, 2, 3, 4]","[0, 3, 3, 4]"
32,4,"[0, 3, 3, 4]","[0, 3, 3, 4]"
32,5,"[1, 3, 4, 4]","[1, 3, 4, 4]"
32,6,"[0, 2, 4, 4]","[0, 2, 4, 4]"
32,7,"[1, 2, 3, 4]","[1, 2, 4, 4]"
32,8,"[0, 2, 3, 4]","[0, 3, 4, 4]"
32,9,"[0, 2, 4, 4]","[0, 4, 4, 4]"
25,0,"[0, 2, 3, 4]","[0, 2, 4, 4]"
25,1,"[1, 2, 4, 4]","[1, 2, 4, 4]"
25,2,"[0, 3, 4, 4]","[0, 3, 4, 4]"
25,3,"[1, 1, 2, 3]","[1, 1, 3, 4]"
25,4,"[0, 2, 4, 4]","[0, 3, 4, 4]"
25,5,"[1, 2, 3, 3]","[1, 2, 3, 4]"
25,6,"[0, 1, 3, 3]","[0, 1, 3, 4]"
25,7,"[0, 2, 3, 4]","[0, 2, 4, 4]"
25,8,"[0, 3, 4, 4]","[0, 3, 4, 4]"
25,9,"[0, 3, 3, 4]","[0, 3, 3, 4]"
37,0,"[1, 2, 3, 4]","[1, 2, 4, 4]"
37,1,"[0, 2, 4, 4]","[0, 3, 4, 4]"
37,2,"[0, 1, 2, 3]","[0, 1, 3, 4]"
37,3,"[1, 3, 4, 4]","[1, 3, 4, 4]"
37,4,"[0, 3, 4, 4]","[0, 4, 4, 4]"
37,5,"[1, 2, 3, 4]","[1, 2, 4, 4]"
37,6,"[1, 3, 3, 4]","[1, 3, 4, 4]"
37,7,"[0, 2, 3, 4]","[0, 2, 4, 4]"
37,8,"[0, 2, 3, 4]","[0, 2, 4, 4]"
37,9,"[1, 4, 4, 4]","[1, 4, 4, 4]"
29,0,"[0, 3, 4, 4]","[0, 4, 4, 4]"
29,1,"[0, 2, 4, 4]","[0, 2, 4, 4]"
29,2,"[0, 3, 3, 4]","[0, 3, 3, 4]"
29,3,"[1, 3, 4, 4]","[1, 3, 4, 4]"
29,4,"[0, 2, 3, 4]","[0, 3, 4, 4]"
29,5,"[1, 2, 3, 4]","[1, 2, 4, 4]"
29,6,"[0, 2, 4, 4]","[0, 3, 4, 4]"
29,7,"[1, 2, 3, 4]","[1, 2, 4, 4]"
29,8,"[0, 2, 3, 4]","[0, 2, 4, 4]"
29,9,"[1, 3, 3, 4]","[1, 3, 3, 4]"
5,0,"[1, 3, 4, 4]","[1, 3, 4, 4]"
5,1,"[0, 2, 4, 4]","[0, 3, 4, 4]"
5,2,"[0, 2, 4, 4]","[0, 3, 4, 4]"
5,3,"[0, 3, 4, 4]","[0, 4, 4, 4]"
5,4,"[0, 3, 3, 4]","[0, 3, 3, 4]"
5,5,"[0, 3, 4, 4]","[0, 3, 4, 4]"
5,6,"[0, 1, 2, 4]","[0, 1, 4, 4]"
5,7,"[1, 2, 3, 4]","[1, 2, 4, 4]"
5,8,"[1, 3, 4, 4]","[1, 4, 4, 4]"
5,9,"[2, 2, 3, 4]","[2, 2, 3, 4]"
30,0,"[0, 3, 3, 4]","[0, 3, 3, 4]"
30,1,"[1, 2, 3, 4]","[1, 2, 4, 4]"
30,2,"[0, 2, 3, 4]","[0, 2, 4, 4]"
30,3,"[0, 3, 3, 4]","[0, 3, 3, 4]"
30,4,"[1, 2, 4, 4]","[1, 2, 4, 4]"
30,5,"[2, 3, 4, 4]","[2, 3, 4, 4]"
30,6,"[0, 2, 4, 4]","[0, 2, 4, 4]"
30,7,"[0, 3, 3, 4]","[0, 3, 4, 4]"
30,8,"[0, 2, 3, 4]","[0, 2, 4, 4]"
30,9,"[0, 2, 3, 4]","[0, 3, 4, 4]"
31,0,"[0, 2, 3, 4]","[0, 2, 4, 4]"
31,1,"[0, 4, 4, 4]","[0, 4, 4, 4]"
31,2,"[0, 4, 4, 4]","[0, 4, 4, 4]"
31,3,"[0, 1, 2, 4]","[0, 1, 4, 4]"
31,4,"[0, 2, 4, 4]","[0, 2, 4, 4]"
31,5,"[0, 3, 3, 4]","[0, 3, 3, 4]"
31,6,"[0, 2, 3, 4]","[0, 2, 4, 4]"
31,7,"[0, 2, 3, 4]","[0, 2, 4, 4]"
31,8,"[2, 2, 3, 4]","[2, 2, 4, 4]"
31,9,"[1, 2, 4, 4]","[1, 2, 4, 4]"
34,0,"[0, 2, 3, 4]","[0, 2, 4, 4]"
34,1,"[1, 2, 4, 4]","[1, 2, 4, 4]"
34,2,"[0, 2, 3, 4]","[0, 2, 4, 4]"
34,3,"[1, 2, 4, 4]","[1, 3, 4, 4]"
34,4,"[1, 1, 3, 4]","[1, 1, 4, 4]"
34,5,"[0, 2, 4, 4]","[0, 4, 4, 4]"
34,6,"[0, 3, 4, 4]","[0, 3, 4, 4]"
34,7,"[1, 3, 4, 4]","[1, 3, 4, 4]"
34,8,"[0, 3, 4, 4]","[0, 3, 4, 4]"
34,9,"[1, 2, 3, 4]","[1, 2, 4, 4]"
35,0,"[1, 3, 4, 4]","[1, 4, 4, 4]"
35,1,"[1, 2, 4, 4]","[1, 2, 4, 4]"
35,2,"[1, 2, 4, 4]","[1, 3, 4, 4]"
35,3,"[0, 1, 2, 3]","[0, 1, 4, 4]"
35,4,"[0, 2, 3, 4]","[0, 3, 4, 4]"
35,5,"[0, 1, 3, 3]","[0, 2, 3, 4]"
35,6,"[0, 3, 4, 4]","[0, 3, 4, 4]"
35,7,"[0, 1, 2, 3]","[0, 1, 4, 4]"
35,8,"[1, 3, 4, 4]","[1, 3, 4, 4]"
35,9,"[0, 0, 3, 4]","[0, 2, 4, 4]"
26,0,"[0, 2, 4, 4]","[0, 2, 4, 4]"
26,1,"[1, 1, 2, 3]","[1, 1, 4, 4]"
26,2,"[0, 1, 3, 3]","[0, 2, 3, 4]"
26,3,"[0, 3, 3, 4]","[0, 3, 3, 4]"
26,4,"[0, 2, 4, 4]","[0, 4, 4, 4]"
26,5,"[0, 2, 3, 4]","[0, 2, 4, 4]"
26,6,"[0, 0, 2, 4]","[0, 0, 4, 4]"
26,7,"[1, 3, 4, 4]","[1, 3, 4, 4]"
26,8,"[1, 2, 3, 4]","[1, 3, 3, 4]"
26,9,"[1, 3, 4, 4]","[1, 4, 4, 4]"
28,0,"[0, 2, 3, 3]","[0, 3, 3, 4]"
28,1,"[1, 3, 4, 4]","[1, 3, 4, 4]"
28,2,"[1, 3, 4, 4]","[1, 3, 4, 4]"
28,3,"[1, 1, 2, 4]","[1, 1, 4, 4]"
28,4,"[0, 2, 3, 3]","[0, 2, 3, 4]"
28,5,"[0, 3, 3, 4]","[0, 3, 3, 4]"
28,6,"[1, 2, 3, 4]","[1, 2, 4, 4]"
28,7,"[1, 2, 4, 4]","[1, 4, 4, 4]"
28,8,"[0, 2, 3, 4]","[0, 2, 4, 4]"
28,9,"[0, 3, 4, 4]","[0, 3, 4, 4]"
27,0,"[1, 1, 3, 4]","[1, 1, 4, 4]"
27,1,"[1, 2, 4, 4]","[1, 3, 4, 4]"
27,2,"[1, 2, 4, 4]","[1, 2, 4, 4]"
27,3,"[0, 2, 3, 4]","[0, 2, 3, 4]"
27,4,"[0, 2, 4, 4]","[0, 3, 4, 4]"
27,5,"[1, 2, 3, 4]","[1, 2, 4, 4]"
27,6,"[0, 3, 4, 4]","[0, 3, 4, 4]"
27,7,"[0, 2, 3, 4]","[0, 2, 4, 4]"
27,8,"[0, 1, 2, 4]","[0, 1, 4, 4]"
27,9,"[0, 2, 2, 3]","[0, 2, 4, 4]"
38,0,"[0, 2, 3, 4]","[0, 2, 4, 4]"
38,1,"[1, 2, 3, 4]","[1, 2, 4, 4]"
38,2,"[2, 3, 4, 4]","[2, 3, 4, 4]"
38,3,"[0, 3, 4, 4]","[0, 3, 4, 4]"
38,4,"[1, 2, 3, 4]","[1, 2, 4, 4]"
38,5,"[1, 3, 4, 4]","[1, 3, 4, 4]"
38,6,"[0, 2, 4, 4]","[0, 4, 4, 4]"
38,7,"[1, 2, 3, 4]","[1, 2, 4, 4]"
38,8,"[1, 2, 3, 4]","[1, 2, 4, 4]"
38,9,"[0, 1, 2, 4]","[0, 1, 4, 4]"
58,0,"[1, 3, 4, 4]","[1, 3, 4, 4]"
58,1,"[0, 3, 4, 4]","[0, 3, 4, 4]"
58,2,"[1, 4, 4, 4]","[1, 4, 4, 4]"
58,3,"[1, 3, 4, 4]","[1, 3, 4, 4]"
58,4,"[1, 2, 4, 4]","[1, 3, 4, 4]"
58,5,"[0, 2, 4, 4]","[0, 2, 4, 4]"
58,6,"[2, 3, 4, 4]","[2, 3, 4, 4]"
58,7,"[0, 2, 4, 4]","[0, 4, 4, 4]"
58,8,"[0, 4, 4, 4]","[0, 4, 4, 4]"
58,9,"[1, 3, 3, 4]","[1, 3, 3, 4]"
53,0,"[0, 2, 3, 4]","[0, 2, 3, 4]"
53,1,"[0, 2, 3, 4]","[0, 2, 3, 4]"
53,2,"[0, 3, 4, 4]","[0, 3, 4, 4]"
53,3,"[0, 2, 3, 4]","[0, 2, 4, 4]"
53,4,"[0, 2, 3, 4]","[0, 2, 3, 4]"
53,5,"[0, 3, 4, 4]","[0, 3, 4, 4]"
53,6,"[0, 3, 4, 4]","[0, 3, 4, 4]"
53,7,"[1, 1, 3, 4]","[1, 1, 4, 4]"
53,8,"[1, 3, 3, 4]","[1, 3, 4, 4]"
53,9,"[0, 2, 3, 3]","[0, 2, 3, 3]"
59,0,"[0, 4, 4, 4]","[0, 4, 4, 4]"
59,1,"[0, 3, 4, 4]","[0, 3, 4, 4]"
59,2,"[0, 2, 3, 4]","[0, 2, 4, 4]"
59,3,"[0, 3, 3, 4]","[0, 3, 4, 4]"
59,4,"[0, 1, 3, 4]","[0, 1, 4, 4]"
59,5,"[0, 4, 4, 4]","[0, 4, 4, 4]"
59,6,"[0, 1, 3, 4]","[0, 3, 3, 4]"
59,7,"[0, 2, 4, 4]","[0, 2, 4, 4]"
59,8,"[2, 3, 4, 4]","[2, 3, 4, 4]"
59,9,"[1, 3, 4, 4]","[1, 3, 4, 4]"
44,0,"[1, 2, 3, 4]","[1, 2, 4, 4]"
44,1,"[1, 2, 4, 4]","[1, 3, 4, 4]"
44,2,"[0, 3, 4, 4]","[0, 3, 4, 4]"
44,3,"[0, 3, 3, 4]","[0, 3, 3, 4]"
44,4,"[0, 1, 3, 4]","[0, 2, 4, 4]"
44,5,"[0, 3, 4, 4]","[0, 3, 4, 4]"
44,6,"[0, 2, 4, 4]","[0, 3, 4, 4]"
44,7,"[0, 2, 3, 4]","[0, 2, 3, 4]"
44,8,"[1, 2, 3, 4]","[1, 2, 4, 4]"
44,9,"[0, 2, 3, 3]","[0, 2, 3, 4]"
52,0,"[0, 2, 3, 4]","[0, 2, 4, 4]"
52,1,"[0, 2, 3, 4]","[0, 2, 3, 4]"
52,2,"[0, 2, 3, 4]","[0, 2, 4, 4]"
52,3,"[0, 3, 4, 4]","[0, 3, 4, 4]"
52,4,"[0, 2, 3, 4]","[0, 3, 4, 4]"
52,5,"[1, 2, 3, 4]","[1, 2, 3, 4]"
52,6,"[1, 2, 3, 4]","[1, 2, 4, 4]"
52,7,"[0, 3, 4, 4]","[0, 4, 4, 4]"
52,8,"[1, 3, 4, 4]","[1, 3, 4, 4]"
52,9,"[0, 2, 3, 3]","[0, 2, 3, 3]"
54,0,"[0, 3, 4, 4]","[0, 3, 4, 4]"
54,1,"[0, 3, 4, 4]","[0, 3, 4, 4]"
54,2,"[2, 2, 3, 4]","[2, 2, 3, 4]"
54,3,"[1, 3, 4, 4]","[1, 4, 4, 4]"
54,4,"[1, 2, 3, 3]","[1, 2, 3, 4]"
54,5,"[0, 4, 4, 4]","[0, 4, 4, 4]"
54,6,"[0, 2, 3, 4]","[0, 3, 4, 4]"
54,7,"[1, 3, 4, 4]","[1, 4, 4, 4]"
54,8,"[1, 2, 3, 4]","[1, 2, 4, 4]"
54,9,"[1, 3, 4, 4]","[1, 4, 4, 4]"
51,0,"[1, 3, 4, 4]","[1, 4, 4, 4]"
51,1,"[0, 1, 3, 3]","[0, 2, 3, 4]"
51,2,"[0, 2, 3, 4]","[0, 2, 4, 4]"
51,3,"[1, 2, 3, 4]","[1, 2, 4, 4]"
51,4,"[2, 3, 4, 4]","[2, 3, 4, 4]"
51,5,"[0, 3, 4, 4]","[0, 3, 4, 4]"
51,6,"[0, 3, 4, 4]","[0, 3, 4, 4]"
51,7,"[2, 2, 3, 4]","[2, 2, 4, 4]"
51,8,"[1, 1, 3, 4]","[1, 1, 4, 4]"
51,9,"[1, 2, 3, 4]","[1, 2, 4, 4]"
46,0,"[1, 3, 4, 4]","[1, 3, 4, 4]"
46,1,"[2, 2, 3, 4]","[2, 2, 3, 4]"
46,2,"[0, 2, 3, 4]","[0, 2, 4, 4]"
46,3,"[0, 1, 3, 4]","[0, 1, 4, 4]"
46,4,"[0, 3, 3, 4]","[0, 3, 3, 4]"
46,5,"[2, 2, 3, 4]","[2, 2, 4, 4]"
46,6,"[0, 3, 3, 4]","[0, 3, 4, 4]"
46,7,"[1, 3, 3, 3]","[1, 3, 3, 3]"
46,8,"[0, 2, 3, 4]","[0, 2, 3, 4]"
46,9,"[0, 2, 3, 4]","[0, 3, 4, 4]"
48,0,"[0, 3, 4, 4]","[0, 3, 4, 4]"
48,1,"[0, 1, 4, 4]","[0, 1, 4, 4]"
48,2,"[0, 2, 3, 4]","[0, 2, 4, 4]"
48,3,"[1, 2, 4, 4]","[1, 4, 4, 4]"
48,4,"[1, 2, 4, 4]","[1, 3, 4, 4]"
48,5,"[2, 3, 4, 4]","[2, 3, 4, 4]"
48,6,"[0, 3, 4, 4]","[0, 3, 4, 4]"
48,7,"[0, 2, 4, 4]","[0, 2, 4, 4]"
48,8,"[1, 3, 4, 4]","[1, 4, 4, 4]"
48,9,"[2, 2, 3, 3]","[2, 2, 3, 4]"
55,0,"[0, 1, 3, 4]","[0, 1, 4, 4]"
55,1,"[0, 2, 3, 3]","[0, 2, 3, 4]"
55,2,"[0, 2, 4, 4]","[0, 2, 4, 4]"
55,3,"[1, 2, 4, 4]","[1, 2, 4, 4]"
55,4,"[1, 2, 4, 4]","[1, 3, 4, 4]"
55,5,"[0, 3, 4, 4]","[0, 3, 4, 4]"
55,6,"[0, 1, 2, 3]","[0, 1, 4, 4]"
55,7,"[0, 2, 4, 4]","[0, 4, 4, 4]"
55,8,"[0, 2, 3, 4]","[0, 3, 4, 4]"
55,9,"[0, 2, 3, 3]","[0, 2, 3, 4]"
47,0,"[0, 3, 3, 4]","[0, 3, 4, 4]"
47,1,"[2, 4, 4, 4]","[2, 4, 4, 4]"
47,2,"[1, 2, 4, 4]","[1, 2, 4, 4]"
47,3,"[1, 2, 3, 4]","[1, 3, 4, 4]"
47,4,"[0, 2, 4, 4]","[0, 2, 4, 4]"
47,5,"[0, 2, 3, 4]","[0, 3, 3, 4]"
47,6,"[1, 3, 3, 4]","[1, 3, 3, 4]"
47,7,"[0, 3, 4, 4]","[0, 4, 4, 4]"
47,8,"[0, 3, 4, 4]","[0, 3, 4, 4]"
47,9,"[1, 2, 3, 4]","[1, 2, 4, 4]"
45,0,"[1, 2, 4, 4]","[1, 4, 4, 4]"
45,1,"[0, 3, 3, 4]","[0, 3, 3, 4]"
45,2,"[1, 2, 3, 4]","[1, 2, 4, 4]"
45,3,"[0, 4, 4, 4]","[0, 4, 4, 4]"
45,4,"[0, 2, 4, 4]","[0, 2, 4, 4]"
45,5,"[1, 3, 4, 4]","[1, 4, 4, 4]"
45,6,"[0, 3, 4, 4]","[0, 3, 4, 4]"
45,7,"[0, 3, 4, 4]","[0, 4, 4, 4]"
45,8,"[0, 1, 3, 4]","[0, 3, 4, 4]"
45,9,"[1, 2, 3, 4]","[1, 2, 3, 4]"
50,0,"[1, 3, 3, 4]","[1, 3, 3, 4]"
50,1,"[1, 2, 3, 4]","[1, 2, 4, 4]"
50,2,"[0, 2, 4, 4]","[0, 3, 4, 4]"
50,3,"[0, 2, 3, 4]","[0, 2, 4, 4]"
50,4,"[0, 2, 4, 4]","[0, 2, 4, 4]"
50,5,"[2, 3, 4, 4]","[2, 4, 4, 4]"
50,6,"[0, 1, 3, 4]","[0, 1, 4, 4]"
50,7,"[1, 3, 3, 4]","[1, 3, 4, 4]"
50,8,"[0, 3, 4, 4]","[0, 4, 4, 4]"
50,9,"[0, 3, 4, 4]","[0, 3, 4, 4]"
49,0,"[0, 2, 2, 3]","[0, 2, 2, 4]"
49,1,"[1, 2, 3, 3]","[1, 2, 3, 4]"
49,2,"[0, 2, 4, 4]","[0, 3, 4, 4]"
49,3,"[0, 3, 3, 4]","[0, 3, 3, 4]"
49,4,"[0, 2, 4, 4]","[0, 3, 4, 4]"
49,5,"[1, 3, 4, 4]","[1, 3, 4, 4]"
49,6,"[2, 4, 4, 4]","[2, 4, 4, 4]"
49,7,"[0, 1, 3, 4]","[0, 3, 4, 4]"
49,8,"[1, 3, 3, 4]","[1, 3, 4, 4]"
49,9,"[0, 1, 3, 4]","[0, 1, 4, 4]"
41,0,"[1, 2, 4, 4]","[1, 4, 4, 4]"
41,1,"[2, 2, 3, 4]","[2, 2, 4, 4]"
41,2,"[0, 3, 4, 4]","[0, 4, 4, 4]"
41,3,"[0, 2, 3, 3]","[0, 2, 3, 4]"
41,4,"[0, 2, 3, 4]","[0, 3, 4, 4]"
41,5,"[2, 2, 3, 3]","[2, 2, 3, 4]"
41,6,"[0, 2, 3, 4]","[0, 2, 4, 4]"
41,7,"[0, 1, 2, 3]","[0, 1, 4, 4]"
41,8,"[1, 2, 2, 3]","[1, 2, 2, 4]"
41,9,"[0, 3, 4, 4]","[0, 3, 4, 4]"
43,0,"[1, 3, 4, 4]","[1, 3, 4, 4]"
43,1,"[1, 3, 3, 4]","[1, 3, 3, 4]"
43,2,"[0, 2, 3, 4]","[0, 2, 4, 4]"
43,3,"[0, 0, 3, 4]","[0, 2, 4, 4]"
43,4,"[0, 1, 3, 4]","[0, 1, 4, 4]"
43,5,"[0, 2, 3, 4]","[0, 2, 4, 4]"
43,6,"[1, 2, 3, 4]","[1, 2, 4, 4]"
43,7,"[0, 1, 4, 4]","[0, 3, 4, 4]"
43,8,"[2, 3, 4, 4]","[2, 3, 4, 4]"
43,9,"[0, 2, 3, 4]","[0, 2, 4, 4]"
57,0,"[0, 3, 4, 4]","[0, 3, 4, 4]"
57,1,"[1, 3, 4, 4]","[1, 3, 4, 4]"
57,2,"[0, 3, 3, 4]","[0, 3, 3, 4]"
57,3,"[0, 2, 4, 4]","[0, 4, 4, 4]"
57,4,"[0, 2, 3, 4]","[0, 2, 4, 4]"
57,5,"[0, 3, 4, 4]","[0, 4, 4, 4]"
57,6,"[2, 3, 4, 4]","[2, 4, 4, 4]"
57,7,"[0, 2, 3, 4]","[0, 3, 4, 4]"
57,8,"[0, 2, 3, 4]","[0, 2, 4, 4]"
57,9,"[1, 2, 3, 4]","[1, 2, 4, 4]"
79,0,"[0, 1, 4, 4]","[0, 1, 4, 4]"
79,1,"[2, 3, 4, 4]","[2, 3, 4, 4]"
79,2,"[2, 4, 4, 4]","[2, 4, 4, 4]"
79,3,"[0, 2, 4, 4]","[0, 3, 4, 4]"
79,4,"[0, 3, 4, 4]","[0, 3, 4, 4]"
79,5,"[0, 2, 3, 3]","[0, 3, 3, 3]"
79,6,"[0, 3, 4, 4]","[0, 3, 4, 4]"
79,7,"[0, 2, 4, 4]","[0, 2, 4, 4]"
79,8,"[0, 3, 4, 4]","[0, 4, 4, 4]"
79,9,"[0, 4, 4, 4]","[0, 4, 4, 4]"
75,0,"[0, 3, 4, 4]","[0, 3, 4, 4]"
75,1,"[1, 2, 3, 3]","[1, 2, 3, 4]"
75,2,"[1, 3, 3, 4]","[1, 3, 3, 4]"
75,3,"[1, 2, 4, 4]","[1, 2, 4, 4]"
75,4,"[0, 1, 3, 4]","[0, 2, 3, 4]"
75,5,"[1, 2, 3, 3]","[1, 3, 3, 3]"
75,6,"[0, 1, 3, 4]","[0, 1, 4, 4]"
75,7,"[1, 3, 4, 4]","[1, 3, 4, 4]"
75,8,"[1, 3, 3, 4]","[1, 3, 3, 4]"
75,9,"[0, 3, 4, 4]","[0, 4, 4, 4]"
66,0,"[0, 3, 4, 4]","[0, 3, 4, 4]"
66,1,"[1, 2, 4, 4]","[1, 2, 4, 4]"
66,2,"[1, 3, 4, 4]","[1, 3, 4, 4]"
66,3,"[1, 3, 4, 4]","[1, 3, 4, 4]"
66,4,"[1, 3, 4, 4]","[1, 4, 4, 4]"
66,5,"[1, 3, 3, 4]","[1, 3, 3, 4]"
66,6,"[1, 3, 3, 3]","[1, 3, 3, 4]"
66,7,"[1, 2, 4, 4]","[1, 2, 4, 4]"
66,8,"[1, 2, 4, 4]","[1, 4, 4, 4]"
66,9,"[1, 3, 4, 4]","[1, 3, 4, 4]"
60,0,"[0, 2, 3, 3]","[0, 2, 3, 4]"
60,1,"[0, 2, 3, 4]","[0, 2, 3, 4]"
60,2,"[0, 1, 3, 4]","[0, 3, 4, 4]"
60,3,"[0, 3, 3, 4]","[0, 3, 3, 4]"
60,4,"[1, 1, 3, 4]","[1, 1, 4, 4]"
60,5,"[0, 2, 3, 4]","[0, 2, 4, 4]"
60,6,"[0, 1, 2, 3]","[0, 2, 3, 4]"
60,7,"[1, 2, 3, 4]","[1, 2, 3, 4]"
60,8,"[0, 2, 3, 4]","[0, 2, 4, 4]"
60,9,"[2, 2, 3, 4]","[2, 2, 4, 4]"
56,0,"[1, 1, 2, 3]","[1, 1, 4, 4]"
56,1,"[0, 2, 4, 4]","[0, 3, 4, 4]"
56,2,"[2, 4, 4, 4]","[2, 4, 4, 4]"
56,3,"[0, 2, 4, 4]","[0, 4, 4, 4]"
56,4,"[1, 2, 3, 4]","[1, 2, 4, 4]"
56,5,"[1, 2, 3, 4]","[1, 2, 4, 4]"
56,6,"[0, 1, 2, 4]","[0, 1, 4, 4]"
56,7,"[0, 3, 4, 4]","[0, 3, 4, 4]"
56,8,"[2, 3, 4, 4]","[2, 4, 4, 4]"
56,9,"[0, 3, 4, 4]","[0, 4, 4, 4]"
71,0,"[1, 2, 4, 4]","[1, 2, 4, 4]"
71,1,"[0, 2, 4, 4]","[0, 2, 4, 4]"
71,2,"[0, 2, 3, 4]","[0, 2, 4, 4]"
71,3,"[0, 3, 4, 4]","[0, 4, 4, 4]"
71,4,"[0, 2, 4, 4]","[0, 2, 4, 4]"
71,5,"[0, 2, 3, 4]","[0, 2, 4, 4]"
71,6,"[0, 3, 3, 4]","[0, 3, 3, 4]"
71,7,"[0, 1, 4, 4]","[0, 2, 4, 4]"
71,8,"[0, 1, 3, 4]","[0, 2, 4, 4]"
71,9,"[0, 2, 4, 4]","[0, 2, 4, 4]"
68,0,"[0, 2, 4, 4]","[0, 2, 4, 4]"
68,1,"[0, 3, 4, 4]","[0, 4, 4, 4]"
68,2,"[0, 1, 2, 3]","[0, 1, 2, 4]"
68,3,"[1, 3, 4, 4]","[1, 3, 4, 4]"
68,4,"[0, 2, 3, 4]","[0, 2, 4, 4]"
68,5,"[0, 2, 3, 4]","[0, 2, 4, 4]"
68,6,"[0, 2, 3, 4]","[0, 3, 4, 4]"
68,7,"[0, 2, 4, 4]","[0, 4, 4, 4]"
68,8,"[1, 2, 3, 4]","[1, 2, 4, 4]"
68,9,"[0, 4, 4, 4]","[0, 4, 4, 4]"
70,0,"[2, 2, 3, 4]","[2, 2, 3, 4]"
70,1,"[1, 3, 3, 4]","[1, 3, 3, 4]"
70,2,"[2, 3, 3, 4]","[2, 3, 3, 4]"
70,3,"[0, 1, 3, 3]","[0, 2, 3, 4]"
70,4,"[0, 2, 3, 4]","[0, 2, 4, 4]"
70,5,"[0, 2, 3, 4]","[0, 3, 3, 4]"
70,6,"[0, 3, 3, 4]","[0, 3, 3, 4]"
70,7,"[0, 1, 3, 4]","[0, 2, 3, 4]"
70,8,"[1, 2, 3, 4]","[1, 3, 4, 4]"
70,9,"[0, 2, 3, 4]","[0, 3, 4, 4]"
62,0,"[0, 2, 4, 4]","[0, 3, 4, 4]"
62,1,"[0, 2, 4, 4]","[0, 3, 4, 4]"
62,2,"[1, 3, 4, 4]","[1, 3, 4, 4]"
62,3,"[0, 2, 4, 4]","[0, 3, 4, 4]"
62,4,"[0, 3, 3, 4]","[0, 3, 3, 4]"
62,5,"[1, 2, 3, 4]","[1, 2, 4, 4]"
62,6,"[0, 1, 3, 4]","[0, 1, 4, 4]"
62,7,"[1, 3, 4, 4]","[1, 3, 4, 4]"
62,8,"[2, 3, 4, 4]","[2, 3, 4, 4]"
62,9,"[1, 3, 3, 4]","[1, 3, 3, 4]"
67,0,"[1, 3, 4, 4]","[1, 3, 4, 4]"
67,1,"[2, 3, 4, 4]","[2, 3, 4, 4]"
67,2,"[1, 1, 3, 4]","[1, 1, 4, 4]"
67,3,"[1, 3, 3, 4]","[1, 3, 4, 4]"
67,4,"[0, 2, 3, 4]","[0, 2, 4, 4]"
67,5,"[1, 3, 4, 4]","[1, 3, 4, 4]"
67,6,"[0, 2, 3, 4]","[0, 2, 3, 4]"
67,7,"[1, 1, 3, 4]","[1, 1, 4, 4]"
67,8,"[0, 1, 3, 4]","[0, 3, 4, 4]"
67,9,"[0, 3, 3, 4]","[0, 3, 3, 4]"
78,0,"[1, 3, 4, 4]","[1, 4, 4, 4]"
78,1,"[1, 2, 3, 4]","[1, 2, 3, 4]"
78,2,"[1, 2, 4, 4]","[1, 3, 4, 4]"
78,3,"[0, 2, 3, 4]","[0, 2, 4, 4]"
78,4,"[0, 2, 4, 4]","[0, 3, 4, 4]"
78,5,"[0, 1, 3, 4]","[0, 3, 4, 4]"
78,6,"[0, 1, 3, 3]","[0, 1, 3, 4]"
78,7,"[1, 2, 3, 4]","[1, 2, 4, 4]"
78,8,"[0, 3, 3, 4]","[0, 3, 3, 4]"
78,9,"[1, 2, 3, 4]","[1, 2, 4, 4]"
77,0,"[2, 4, 4, 4]","[2, 4, 4, 4]"
77,1,"[1, 2, 3, 3]","[1, 2, 3, 3]"
77,2,"[1, 3, 4, 4]","[1, 3, 4, 4]"
77,3,"[1, 2, 3, 4]","[1, 3, 4, 4]"
77,4,"[0, 2, 4, 4]","[0, 2, 4, 4]"
77,5,"[0, 3, 4, 4]","[0, 3, 4, 4]"
77,6,"[0, 3, 4, 4]","[0, 4, 4, 4]"
77,7,"[1, 2, 3, 4]","[1, 2, 4, 4]"
77,8,"[0, 3, 4, 4]","[0, 3, 4, 4]"
77,9,"[1, 3, 4, 4]","[1, 3, 4, 4]"
61,0,"[0, 1, 3, 4]","[0, 1, 4, 4]"
61,1,"[1, 2, 3, 4]","[1, 2, 4, 4]"
61,2,"[1, 2, 3, 4]","[1, 3, 4, 4]"
61,3,"[0, 1, 4, 4]","[0, 3, 4, 4]"
61,4,"[0, 3, 4, 4]","[0, 3, 4, 4]"
61,5,"[0, 1, 3, 4]","[0, 2, 4, 4]"
61,6,"[0, 2, 4, 4]","[0, 3, 4, 4]"
61,7,"[0, 3, 4, 4]","[0, 3, 4, 4]"
61,8,"[0, 3, 4, 4]","[0, 3, 4, 4]"
61,9,"[0, 2, 4, 4]","[0, 2, 4, 4]"
65,0,"[1, 2, 4, 4]","[1, 3, 4, 4]"
65,1,"[0, 3, 3, 3]","[0, 3, 3, 3]"
65,2,"[0, 3, 3, 4]","[0, 3, 3, 4]"
65,3,"[0, 2, 4, 4]","[0, 2, 4, 4]"
65,4,"[2, 2, 3, 4]","[2, 2, 4, 4]"
65,5,"[0, 1, 3, 4]","[0, 1, 4, 4]"
65,6,"[0, 3, 4, 4]","[0, 3, 4, 4]"
65,7,"[0, 3, 3, 4]","[0, 3, 4, 4]"
65,8,"[1, 2, 3, 4]","[1, 2, 4, 4]"
65,9,"[0, 2, 3, 3]","[0, 2, 3, 4]"
64,0,"[1, 2, 3, 4]","[1, 2, 4, 4]"
64,1,"[2, 3, 3, 3]","[2, 3, 3, 3]"
64,2,"[2, 3, 4, 4]","[2, 3, 4, 4]"
64,3,"[0, 2, 3, 3]","[0, 2, 3, 3]"
64,4,"[1, 2, 4, 4]","[1, 4, 4, 4]"
64,5,"[1, 3, 4, 4]","[1, 3, 4, 4]"
64,6,"[2, 3, 4, 4]","[2, 3, 4, 4]"
64,7,"[0, 1, 3, 4]","[0, 1, 4, 4]"
64,8,"[0, 2, 3, 4]","[0, 2, 4, 4]"
64,9,"[0, 2, 3, 4]","[0, 2, 4, 4]"
72,0,"[0, 3, 4, 4]","[0, 3, 4, 4]"
72,1,"[0, 2, 4, 4]","[0, 4, 4, 4]"
72,2,"[0, 2, 3, 4]","[0, 2, 4, 4]"
72,3,"[0, 3, 4, 4]","[0, 3, 4, 4]"
72,4,"[0, 2, 3, 4]","[0, 2, 4, 4]"
72,5,"[1, 3, 4, 4]","[1, 3, 4, 4]"
72,6,"[1, 2, 3, 4]","[1, 2, 3, 4]"
72,7,"[0, 2, 3, 4]","[0, 2, 4, 4]"
72,8,"[2, 3, 3, 4]","[2, 3, 3, 4]"
72,9,"[0, 1, 3, 4]","[0, 3, 3, 4]"
63,0,"[0, 1, 3, 3]","[0, 1, 3, 3]"
63,1,"[0, 2, 3, 4]","[0, 2, 3, 4]"
63,2,"[0, 2, 3, 4]","[0, 2, 4, 4]"
63,3,"[2, 3, 3, 4]","[2, 3, 3, 4]"
63,4,"[2, 3, 4, 4]","[2, 3, 4, 4]"
63,5,"[0, 2, 3, 4]","[0, 3, 4, 4]"
63,6,"[0, 3, 4, 4]","[0, 4, 4, 4]"
63,7,"[1, 2, 3, 4]","[1, 3, 4, 4]"
63,8,"[1, 2, 3, 4]","[1, 2, 3, 4]"
63,9,"[0, 2, 3, 4]","[0, 2, 4, 4]"
76,0,"[0, 1, 2, 3]","[0, 1, 3, 4]"
76,1,"[0, 2, 3, 4]","[0, 2, 3, 4]"
76,2,"[0, 2, 3, 4]","[0, 2, 4, 4]"
76,3,"[1, 3, 4, 4]","[1, 4, 4, 4]"
76,4,"[0, 1, 3, 4]","[0, 2, 4, 4]"
76,5,"[2, 2, 3, 4]","[2, 2, 4, 4]"
76,6,"[0, 2, 3, 4]","[0, 2, 4, 4]"
76,7,"[1, 2, 3, 4]","[1, 2, 4, 4]"
76,8,"[0, 2, 3, 3]","[0, 3, 3, 4]"
76,9,"[0, 2, 4, 4]","[0, 2, 4, 4]"
69,0,"[1, 3, 4, 4]","[1, 4, 4, 4]"
69,1,"[0, 3, 4, 4]","[0, 3, 4, 4]"
69,2,"[0, 2, 3, 4]","[0, 2, 4, 4]"
69,3,"[0, 1, 2, 3]","[0, 1, 3, 4]"
69,4,"[0, 4, 4, 4]","[0, 4, 4, 4]"
69,5,"[0, 1, 3, 4]","[0, 1, 4, 4]"
69,6,"[1, 2, 4, 4]","[1, 3, 4, 4]"
69,7,"[0, 1, 3, 4]","[0, 1, 4, 4]"
69,8,"[1, 2, 3, 3]","[1, 2, 3, 4]"
69,9,"[0, 3, 3, 3]","[0, 3, 3, 3]"
40,0,"[0, 3, 4, 4]","[0, 3, 4, 4]"
40,1,"[2, 2, 3, 3]","[2, 2, 3, 4]"
40,2,"[1, 2, 4, 4]","[1, 2, 4, 4]"
40,3,"[0, 2, 3, 4]","[0, 3, 4, 4]"
40,4,"[1, 2, 3, 4]","[1, 3, 4, 4]"
40,5,"[1, 1, 2, 4]","[1, 1, 4, 4]"
40,6,"[1, 3, 4, 4]","[1, 3, 4, 4]"
40,7,"[1, 3, 3, 4]","[1, 3, 4, 4]"
40,8,"[1, 2, 3, 4]","[1, 2, 4, 4]"
40,9,"[0, 1, 3, 4]","[0, 1, 4, 4]"
74,0,"[1, 2, 3, 4]","[1, 2, 4, 4]"
74,1,"[1, 3, 4, 4]","[1, 3, 4, 4]"
74,2,"[0, 2, 3, 4]","[0, 2, 3, 4]"
74,3,"[1, 2, 4, 4]","[1, 3, 4, 4]"
74,4,"[0, 2, 3, 3]","[0, 2, 3, 4]"
74,5,"[0, 4, 4, 4]","[0, 4, 4, 4]"
74,6,"[2, 3, 3, 3]","[2, 3, 3, 4]"
74,7,"[0, 2, 3, 3]","[0, 2, 3, 4]"
74,8,"[0, 1, 2, 4]","[0, 1, 4, 4]"
74,9,"[0, 1, 3, 4]","[0, 1, 4, 4]"
86,0,"[0, 2, 3, 4]","[0, 3, 3, 4]"
86,1,"[0, 2, 3, 4]","[0, 2, 3, 4]"
86,2,"[0, 3, 3, 4]","[0, 3, 3, 4]"
86,3,"[0, 3, 3, 4]","[0, 3, 3, 4]"
86,4,"[1, 2, 3, 4]","[1, 3, 3, 4]"
86,5,"[0, 3, 4, 4]","[0, 3, 4, 4]"
86,6,"[0, 1, 3, 4]","[0, 2, 3, 4]"
86,7,"[0, 2, 3, 4]","[0, 2, 4, 4]"
86,8,"[0, 2, 3, 4]","[0, 2, 4, 4]"
86,9,"[0, 2, 4, 4]","[0, 2, 4, 4]"
42,0,"[0, 2, 3, 4]","[0, 2, 4, 4]"
42,1,"[0, 2, 4, 4]","[0, 3, 4, 4]"
42,2,"[0, 1, 2, 4]","[0, 1, 4, 4]"
42,3,"[0, 3, 4, 4]","[0, 3, 4, 4]"
42,4,"[1, 2, 3, 4]","[1, 2, 4, 4]"
42,5,"[0, 1, 2, 4]","[0, 1, 4, 4]"
42,6,"[1, 3, 4, 4]","[1, 3, 4, 4]"
42,7,"[0, 2, 4, 4]","[0, 4, 4, 4]"
42,8,"[2, 3, 3, 4]","[2, 3, 3, 4]"
42,9,"[1, 2, 3, 4]","[1, 3, 3, 4]"
83,0,"[1, 2, 3, 4]","[1, 2, 4, 4]"
83,1,"[0, 1, 3, 3]","[0, 2, 3, 4]"
83,2,"[2, 2, 3, 4]","[2, 2, 4, 4]"
83,3,"[1, 1, 4, 4]","[1, 1, 4, 4]"
83,4,"[0, 3, 4, 4]","[0, 3, 4, 4]"
83,5,"[1, 2, 4, 4]","[1, 2, 4, 4]"
83,6,"[0, 2, 3, 4]","[0, 3, 4, 4]"
83,7,"[1, 2, 4, 4]","[1, 2, 4, 4]"
83,8,"[2, 2, 4, 4]","[2, 2, 4, 4]"
83,9,"[0, 2, 3, 4]","[0, 2, 4, 4]"
90,0,"[0, 3, 4, 4]","[0, 3, 4, 4]"
90,1,"[0, 3, 3, 4]","[0, 3, 3, 4]"
90,2,"[0, 1, 3, 4]","[0, 2, 4, 4]"
90,3,"[1, 3, 3, 4]","[1, 3, 3, 4]"
90,4,"[1, 2, 3, 3]","[1, 2, 3, 4]"
90,5,"[1, 3, 3, 4]","[1, 3, 4, 4]"
90,6,"[1, 2, 3, 3]","[1, 2, 3, 4]"
90,7,"[2, 3, 3, 4]","[2, 3, 3, 4]"
90,8,"[2, 2, 4, 4]","[2, 2, 4, 4]"
90,9,"[1, 2, 4, 4]","[1, 2, 4, 4]"
93,0,"[0, 2, 4, 4]","[0, 3, 4, 4]"
93,1,"[0, 2, 3, 4]","[0, 2, 4, 4]"
93,2,"[0, 3, 4, 4]","[0, 3, 4, 4]"
93,3,"[1, 3, 3, 4]","[1, 3, 3, 4]"
93,4,"[1, 2, 3, 4]","[1, 2, 4, 4]"
93,5,"[0, 3, 3, 4]","[0, 3, 3, 4]"
93,6,"[1, 3, 3, 4]","[1, 3, 3, 4]"
93,7,"[2, 3, 4, 4]","[2, 3, 4, 4]"
93,8,"[0, 3, 4, 4]","[0, 3, 4, 4]"
93,9,"[1, 2, 3, 4]","[1, 2, 4, 4]"
95,0,"[0, 2, 3, 4]","[0, 2, 4, 4]"
95,1,"[0, 2, 3, 3]","[0, 2, 3, 3]"
95,2,"[1, 2, 3, 4]","[1, 2, 4, 4]"
95,3,"[2, 3, 3, 4]","[2, 3, 3, 4]"
95,4,"[1, 1, 2, 3]","[1, 1, 4, 4]"
95,5,"[1, 3, 4, 4]","[1, 4, 4, 4]"
95,6,"[1, 2, 3, 4]","[1, 2, 3, 4]"
95,7,"[0, 2, 4, 4]","[0, 2, 4, 4]"
95,8,"[1, 3, 4, 4]","[1, 3, 4, 4]"
95,9,"[0, 2, 3, 3]","[0, 2, 3, 4]"
82,0,"[1, 2, 3, 4]","[1, 2, 4, 4]"
82,1,"[0, 2, 4, 4]","[0, 2, 4, 4]"
82,2,"[0, 2, 4, 4]","[0, 2, 4, 4]"
82,3,"[0, 2, 4, 4]","[0, 4, 4, 4]"
82,4,"[1, 2, 4, 4]","[1, 2, 4, 4]"
82,5,"[1, 3, 4, 4]","[1, 3, 4, 4]"
82,6,"[0, 2, 4, 4]","[0, 3, 4, 4]"
82,7,"[1, 2, 3, 4]","[1, 2, 4, 4]"
82,8,"[1, 2, 3, 4]","[1, 2, 4, 4]"
82,9,"[1, 2, 3, 4]","[1, 3, 4, 4]"
84,0,"[0, 2, 3, 4]","[0, 2, 4, 4]"
84,1,"[0, 3, 4, 4]","[0, 3, 4, 4]"
84,2,"[1, 3, 3, 4]","[1, 3, 3, 4]"
84,3,"[0, 2, 3, 4]","[0, 2, 4, 4]"
84,4,"[0, 2, 4, 4]","[0, 2, 4, 4]"
84,5,"[0, 2, 3, 4]","[0, 2, 4, 4]"
84,6,"[0, 3, 4, 4]","[0, 3, 4, 4]"
84,7,"[2, 3, 4, 4]","[2, 3, 4, 4]"
84,8,"[0, 2, 4, 4]","[0, 4, 4, 4]"
84,9,"[1, 1, 3, 4]","[1, 1, 4, 4]"
88,0,"[0, 2, 4, 4]","[0, 2, 4, 4]"
88,1,"[0, 3, 4, 4]","[0, 3, 4, 4]"
88,2,"[0, 2, 3, 3]","[0, 2, 3, 4]"
88,3,"[0, 3, 4, 4]","[0, 3, 4, 4]"
88,4,"[1, 2, 3, 4]","[1, 3, 4, 4]"
88,5,"[2, 3, 3, 4]","[2, 3, 3, 4]"
88,6,"[1, 2, 4, 4]","[1, 3, 4, 4]"
88,7,"[1, 3, 3, 4]","[1, 3, 3, 4]"
88,8,"[0, 3, 4, 4]","[0, 3, 4, 4]"
88,9,"[0, 1, 3, 4]","[0, 2, 3, 4]"
73,0,"[0, 3, 4, 4]","[0, 3, 4, 4]"
73,1,"[1, 3, 4, 4]","[1, 4, 4, 4]"
73,2,"[1, 3, 4, 4]","[1, 3, 4, 4]"
73,3,"[0, 3, 3, 4]","[0, 3, 4, 4]"
73,4,"[2, 3, 4, 4]","[2, 3, 4, 4]"
73,5,"[0, 1, 2, 3]","[0, 1, 3, 4]"
73,6,"[2, 3, 3, 4]","[2, 3, 4, 4]"
73,7,"[0, 2, 3, 4]","[0, 2, 4, 4]"
73,8,"[0, 1, 3, 4]","[0, 2, 4, 4]"
73,9,"[1, 2, 3, 4]","[1, 3, 4, 4]"
87,0,"[0, 2, 3, 4]","[0, 2, 3, 4]"
87,1,"[0, 3, 4, 4]","[0, 3, 4, 4]"
87,2,"[0, 2, 3, 4]","[0, 2, 4, 4]"
87,3,"[0, 3, 3, 4]","[0, 3, 4, 4]"
87,4,"[1, 1, 4, 4]","[1, 1, 4, 4]"
87,5,"[1, 2, 4, 4]","[1, 4, 4, 4]"
87,6,"[0, 2, 3, 4]","[0, 2, 4, 4]"
87,7,"[0, 1, 4, 4]","[0, 4, 4, 4]"
87,8,"[0, 2, 3, 4]","[0, 2, 4, 4]"
87,9,"[0, 2, 3, 4]","[0, 2, 4, 4]"
85,0,"[0, 3, 3, 4]","[0, 3, 3, 4]"
85,1,"[0, 2, 3, 4]","[0, 2, 4, 4]"
85,2,"[1, 1, 3, 4]","[1, 1, 4, 4]"
85,3,"[0, 3, 4, 4]","[0, 3, 4, 4]"
85,4,"[0, 1, 3, 4]","[0, 2, 4, 4]"
85,5,"[0, 2, 3, 3]","[0, 2, 3, 4]"
85,6,"[0, 2, 3, 4]","[0, 2, 4, 4]"
85,7,"[1, 3, 4, 4]","[1, 3, 4, 4]"
85,8,"[0, 2, 3, 3]","[0, 2, 3, 4]"
85,9,"[1, 3, 4, 4]","[1, 3, 4, 4]"
80,0,"[1, 2, 3, 4]","[1, 2, 4, 4]"
80,1,"[1, 2, 3, 4]","[1, 3, 4, 4]"
80,2,"[1, 3, 4, 4]","[1, 3, 4, 4]"
80,3,"[0, 2, 3, 4]","[0, 2, 4, 4]"
80,4,"[1, 3, 3, 4]","[1, 3, 4, 4]"
80,5,"[0, 1, 3, 3]","[0, 1, 3, 4]"
80,6,"[0, 1, 3, 3]","[0, 2, 3, 4]"
80,7,"[1, 2, 3, 4]","[1, 2, 3, 4]"
80,8,"[0, 3, 3, 4]","[0, 3, 3, 4]"
80,9,"[1, 2, 2, 4]","[1, 2, 4, 4]"
98,0,"[1, 2, 4, 4]","[1, 2, 4, 4]"
98,1,"[0, 3, 4, 4]","[0, 3, 4, 4]"
98,2,"[0, 1, 3, 4]","[0, 1, 4, 4]"
98,3,"[0, 2, 4, 4]","[0, 2, 4, 4]"
98,4,"[1, 2, 3, 4]","[1, 2, 4, 4]"
98,5,"[1, 3, 3, 4]","[1, 3, 3, 4]"
98,6,"[1, 4, 4, 4]","[1, 4, 4, 4]"
98,7,"[0, 2, 3, 4]","[0, 2, 4, 4]"
98,8,"[0, 2, 3, 4]","[0, 2, 4, 4]"
98,9,"[0, 1, 3, 4]","[0, 1, 4, 4]"
99,0,"[2, 3, 4, 4]","[2, 4, 4, 4]"
99,1,"[2, 3, 4, 4]","[2, 3, 4, 4]"
99,2,"[0, 3, 4, 4]","[0, 3, 4, 4]"
99,3,"[0, 2, 3, 4]","[0, 2, 3, 4]"
99,4,"[0, 1, 4, 4]","[0, 2, 4, 4]"
99,5,"[1, 2, 3, 4]","[1, 2, 4, 4]"
99,6,"[0, 1, 4, 4]","[0, 1, 4, 4]"
99,7,"[0, 2, 4, 4]","[0, 2, 4, 4]"
99,8,"[0, 1, 2, 3]","[0, 2, 3, 4]"
99,9,"[0, 1, 3, 4]","[0, 1, 4, 4]"
97,0,"[0, 3, 4, 4]","[0, 3, 4, 4]"
97,1,"[0, 2, 3, 4]","[0, 2, 4, 4]"
97,2,"[0, 3, 4, 4]","[0, 3, 4, 4]"
97,3,"[1, 3, 3, 4]","[1, 3, 4, 4]"
97,4,"[0, 2, 3, 4]","[0, 2, 4, 4]"
97,5,"[0, 1, 3, 4]","[0, 1, 4, 4]"
97,6,"[1, 2, 3, 3]","[1, 3, 3, 4]"
97,7,"[0, 2, 3, 3]","[0, 2, 3, 4]"
97,8,"[0, 3, 4, 4]","[0, 3, 4, 4]"
97,9,"[1, 3, 4, 4]","[1, 3, 4, 4]"
94,0,"[1, 2, 3, 4]","[1, 2, 4, 4]"
94,1,"[0, 1, 3, 4]","[0, 1, 4, 4]"
94,2,"[0, 2, 4, 4]","[0, 2, 4, 4]"
94,3,"[0, 2, 4, 4]","[0, 2, 4, 4]"
94,4,"[1, 3, 3, 4]","[1, 3, 4, 4]"
94,5,"[0, 2, 3, 4]","[0, 2, 3, 4]"
94,6,"[1, 2, 4, 4]","[1, 2, 4, 4]"
94,7,"[0, 3, 4, 4]","[0, 4, 4, 4]"
94,8,"[0, 3, 3, 4]","[0, 3, 3, 4]"
94,9,"[0, 0, 3, 4]","[0, 2, 4, 4]"
81,0,"[0, 2, 3, 4]","[0, 2, 4, 4]"
81,1,"[1, 2, 3, 4]","[1, 2, 4, 4]"
81,2,"[1, 2, 3, 3]","[1, 2, 3, 4]"
81,3,"[2, 3, 3, 4]","[2, 3, 4, 4]"
81,4,"[0, 1, 3, 4]","[0, 1, 4, 4]"
81,5,"[0, 3, 4, 4]","[0, 3, 4, 4]"
81,6,"[0, 3, 4, 4]","[0, 3, 4, 4]"
81,7,"[0, 2, 4, 4]","[0, 3, 4, 4]"
81,8,"[0, 2, 3, 4]","[0, 2, 4, 4]"
81,9,"[1, 1, 3, 4]","[1, 1, 4, 4]"
96,0,"[1, 2, 3, 4]","[1, 2, 4, 4]"
96,1,"[1, 2, 3, 4]","[1, 2, 4, 4]"
96,2,"[1, 1, 4, 4]","[1, 3, 4, 4]"
96,3,"[0, 2, 3, 4]","[0, 3, 3, 4]"
96,4,"[1, 3, 4, 4]","[1, 3, 4, 4]"
96,5,"[0, 3, 4, 4]","[0, 3, 4, 4]"
96,6,"[0, 2, 3, 4]","[0, 3, 4, 4]"
96,7,"[1, 2, 3, 4]","[1, 3, 3, 4]"
96,8,"[0, 2, 3, 4]","[0, 2, 4, 4]"
96,9,"[0, 2, 3, 4]","[0, 2, 4, 4]"
91,0,"[0, 2, 3, 4]","[0, 2, 4, 4]"
91,1,"[0, 2, 4, 4]","[0, 2, 4, 4]"
91,2,"[0, 3, 3, 4]","[0, 3, 4, 4]"
91,3,"[1, 2, 3, 4]","[1, 2, 4, 4]"
91,4,"[0, 2, 3, 4]","[0, 2, 4, 4]"
91,5,"[1, 1, 2, 3]","[1, 1, 4, 4]"
91,6,"[0, 1, 3, 3]","[0, 1, 3, 4]"
91,7,"[0, 3, 4, 4]","[0, 4, 4, 4]"
91,8,"[0, 2, 3, 4]","[0, 2, 3, 4]"
91,9,"[1, 3, 4, 4]","[1, 4, 4, 4]"
89,0,"[0, 3, 4, 4]","[0, 3, 4, 4]"
89,1,"[0, 2, 3, 4]","[0, 2, 3, 4]"
89,2,"[2, 4, 4, 4]","[2, 4, 4, 4]"
89,3,"[1, 3, 4, 4]","[1, 4, 4, 4]"
89,4,"[0, 2, 3, 4]","[0, 3, 4, 4]"
89,5,"[0, 0, 2, 3]","[0, 0, 4, 4]"
89,6,"[1, 2, 3, 3]","[1, 2, 3, 4]"
89,7,"[0, 3, 4, 4]","[0, 4, 4, 4]"
89,8,"[1, 2, 4, 4]","[1, 4, 4, 4]"
89,9,"[2, 2, 4, 4]","[2, 2, 4, 4]"
92,0,"[0, 3, 3, 4]","[0, 3, 3, 4]"
92,1,"[0, 3, 4, 4]","[0, 3, 4, 4]"
92,2,"[1, 3, 4, 4]","[1, 3, 4, 4]"
92,3,"[1, 3, 4, 4]","[1, 3, 4, 4]"
92,4,"[1, 4, 4, 4]","[1, 4, 4, 4]"
92,5,"[0, 1, 2, 3]","[0, 1, 4, 4]"
92,6,"[0, 4, 4, 4]","[0, 4, 4, 4]"
92,7,"[0, 2, 3, 4]","[0, 3, 3, 4]"
92,8,"[1, 3, 4, 4]","[1, 3, 4, 4]"
92,9,"[0, 2, 4, 4]","[0, 3, 4, 4]"
